doubt_id,TA_ID
248188,34120
248189,156881
248190,165368
248191,208720
248192,163412
248193,120623
248194,265305
248195,47173
248196,177315
248197,177315
248198,127311
248199,37707
248200,34120
248202,194154
248203,57222
248204,47173
248205,175223
248206,161259
248207,165368
248208,27368
248209,165368
248210,34120
248211,44538
248212,165368
248213,106179
248214,165368
248215,175223
248216,79641
248217,133932
248218,33921
248219,44538
248220,120623
248221,120964
248222,42834
248224,71630
248225,136471
248226,170702
248227,218573
248228,16027
248229,34120
248230,43738
248231,44538
248232,18338
248233,136471
248234,296700
248235,282306
248236,43738
248237,265305
248238,57222
248239,117532
248240,23839
248241,34120
248242,15082
248244,265305
248245,13443
248246,157639
248247,296700
248248,1940
248249,142512
248250,194154
248251,27368
248252,192895
248253,170702
248254,80495
248255,44538
248256,163412
248257,16027
248258,13443
248259,14491
248260,173143
248261,44538
248262,120964
248263,208720
248264,34120
248265,165790
248266,120964
248267,265305
248268,178512
248270,29011
248271,200604
248272,265305
248273,43738
248274,164611
248275,170702
248276,164611
248277,36496
248278,50408
248279,36496
248280,43738
248281,79641
248282,265305
248283,136471
248284,23839
248285,79641
248286,213730
248287,164611
248288,192895
248289,296700
248291,177315
248292,36496
248293,33921
248295,178731
248296,200604
248297,161259
248298,43738
248299,16027
248300,120623
248302,120964
248303,221598
248304,43738
248306,50408
248307,213730
248308,213730
248309,142512
248310,34120
248312,13443
248313,43738
248314,50408
248315,44538
248316,117612
248317,47173
248318,79641
248319,79641
248320,173143
248321,163412
248322,50408
248323,343098
248324,120623
248325,79641
248326,165790
248327,47173
248328,8709
248329,18976
248330,13443
248331,296700
248332,13443
248333,200604
248334,161259
248335,34120
248336,282306
248337,71630
248338,120964
248339,173141
248340,47173
248341,207602
248342,224133
248343,64850
248345,163412
248346,120964
248347,20991
248348,57222
248349,296700
248350,149304
248351,79641
248352,13443
248353,170696
248354,127311
248356,175223
248357,210608
248358,36496
248359,36496
248360,120623
248361,13443
248362,152773
248363,43738
248364,46005
248365,136471
248366,213730
248367,177315
248368,192895
248369,19839
248370,43738
248371,192895
248372,200604
248373,163412
248374,13443
248375,296700
248376,136471
248377,120623
248378,18338
248379,13443
248380,171176
248381,44538
248382,184640
248384,172741
248385,33921
248386,213730
248387,47173
248388,79641
248389,175223
248390,152773
248391,152773
248392,50408
248393,13443
248395,38663
248396,152773
248397,172741
248398,42834
248399,50408
248400,213730
248401,57222
248402,208720
248403,171176
248404,208720
248405,164611
248406,34120
248407,13443
248408,282306
248409,46005
248410,152773
248411,79641
248412,218573
248413,71630
248414,44538
248415,152773
248416,33921
248417,44538
248418,161259
248419,18338
248420,46005
248421,173141
248422,152773
248423,296700
248424,224133
248425,136471
248426,79641
248427,13443
248428,152773
248429,152773
248430,136471
248431,13443
248432,282306
248433,50408
248434,33921
248435,34120
248436,41919
248437,24418
248438,13443
248439,265305
248440,13443
248441,57222
248442,36496
248443,279604
248444,79641
248445,129364
248446,108746
248447,34120
248448,184640
248449,208720
248450,13443
248451,120964
248452,41919
248453,79641
248454,25964
248455,44538
248456,13443
248457,79641
248458,296700
248459,170702
248460,204942
248461,108746
248462,129364
248463,13443
248464,265305
248465,79641
248466,41919
248467,25964
248468,41919
248469,50408
248470,136471
248471,16027
248472,175223
248473,79641
248474,37707
248475,13443
248476,8709
248477,16027
248478,13443
248479,79641
248480,44538
248481,13443
248482,279604
248483,50408
248484,133932
248485,133932
248486,35759
248487,19706
248488,41919
248489,161259
248490,50408
248491,173143
248492,331381
248493,16027
248494,172741
248495,117612
248496,296700
248497,221598
248498,16027
248499,13443
248500,13443
248501,117612
248503,41919
248504,34120
248505,175223
248506,43738
248507,120623
248508,34120
248509,265305
248510,200604
248511,36496
248512,44538
248513,44538
248514,279604
248515,161259
248516,16027
248517,41919
248518,34801
248519,84811
248520,41919
248521,279604
248522,117612
248523,80495
248524,224133
248525,43738
248526,36496
248527,172741
248528,175223
248529,210608
248530,296700
248531,120623
248532,296700
248533,50408
248534,153283
248535,108746
248537,296700
248538,18976
248539,296700
248540,117612
248541,171176
248542,15082
248543,175223
248544,331381
248546,57222
248547,120623
248548,108746
248549,43738
248550,57222
248551,171176
248552,175223
248553,210608
248554,57222
248555,172741
248556,164611
248557,153283
248558,153283
248559,199962
248560,133932
248561,57222
248562,199962
248563,57222
248564,57222
248565,37707
248566,153283
248567,47173
248568,221598
248569,42834
248570,153283
248571,15082
248572,79641
248573,59249
248574,156881
248575,186431
248576,13430
248577,47173
248578,50408
248579,121098
248580,47173
248581,24418
248582,34120
248583,64850
248584,156891
248585,13443
248586,296700
248587,282306
248588,18338
248589,13430
248590,158146
248591,153283
248592,37707
248593,64850
248594,296700
248595,108746
248596,10064
248597,296700
248598,224133
248599,165790
248600,153283
248601,47173
248602,43738
248603,158146
248604,343098
248605,37707
248606,158146
248607,133932
248608,186431
248609,34120
248611,37707
248612,153283
248613,199962
248614,199962
248615,133932
248617,59249
248618,175277
248619,186431
248620,34120
248621,33921
248622,36496
248623,133932
248625,296700
248626,153283
248627,175277
248628,158146
248629,158146
248631,10064
248632,50408
248633,186431
248634,37707
248635,47173
248636,296700
248637,50408
248638,158146
248639,20991
248640,200604
248641,175277
248642,47
248643,200604
248644,296700
248645,265305
248646,80495
248647,80495
248648,18976
248649,20991
248650,175277
248651,200604
248652,50408
248653,44368
248654,136471
248655,13443
248656,108746
248657,50408
248658,194154
248659,44538
248660,133932
248661,34120
248662,164611
248663,64985
248664,133932
248665,175277
248666,149721
248667,34120
248668,165790
248669,296700
248670,1940
248671,59249
248672,210608
248673,133932
248674,265305
248675,108746
248676,175277
248677,200604
248679,153283
248680,296700
248681,34120
248682,120964
248683,92901
248684,200604
248685,64985
248686,142512
248687,44368
248688,33921
248689,44538
248690,59249
248691,133932
248692,37707
248693,44538
248694,133932
248695,44667
248696,164611
248698,200604
248699,33921
248700,164611
248701,296700
248702,142512
248703,142512
248704,108746
248705,133932
248706,200604
248707,14491
248708,282306
248709,34801
248710,22168
248711,44368
248712,173141
248713,265305
248714,173141
248715,173141
248716,44368
248718,142512
248719,265305
248720,38663
248721,43738
248722,34120
248723,41919
248724,64850
248725,13443
248726,44538
248728,200604
248729,133932
248730,120623
248731,13443
248732,175277
248733,14491
248734,13443
248735,13443
248736,14491
248737,27368
248738,79641
248739,19839
248740,152773
248741,25964
248742,13443
248743,120623
248744,117612
248745,43738
248746,44667
248747,157639
248748,44538
248749,265305
248750,175277
248751,120964
248752,296700
248753,282306
248754,79641
248755,120623
248756,13443
248757,13443
248758,42834
248759,57222
248760,79641
248761,153283
248762,173141
248763,120623
248764,44538
248765,43738
248766,34120
248767,44667
248768,120623
248769,19839
248770,57222
248771,296700
248772,35759
248773,129364
248774,156881
248775,152601
248776,25964
248777,50408
248778,265305
248779,136471
248780,13443
248781,173141
248782,18976
248783,136471
248784,92901
248785,136471
248786,282306
248787,136471
248788,282306
248790,43738
248791,43283
248792,120623
248793,136471
248794,120964
248795,142512
248796,152601
248797,44538
248798,47173
248799,208720
248800,16027
248803,59249
248804,50408
248805,200604
248806,136471
248807,156881
248809,13443
248810,41919
248811,200604
248812,175277
248813,41919
248814,92901
248815,44538
248816,133932
248817,152601
248818,36496
248819,35759
248820,224133
248822,117612
248823,120964
248824,24418
248825,265305
248827,282306
248828,24418
248829,152601
248830,175277
248831,175277
248832,170696
248833,265305
248834,13443
248835,331381
248836,108746
248837,43283
248838,210608
248839,13443
248840,200604
248841,106179
248842,173141
248843,175277
248844,136471
248845,41919
248846,177315
248847,200604
248848,192895
248849,282306
248850,79641
248851,208720
248852,136471
248853,296700
248855,19839
248856,41919
248857,163823
248858,27368
248859,192895
248860,50408
248861,129364
248862,37707
248863,152601
248864,282306
248865,33921
248866,184640
248867,296700
248868,42834
248869,200604
248870,163823
248871,44538
248872,50408
248873,44368
248874,165790
248875,136471
248876,178512
248877,120964
248878,136471
248879,296700
248880,50408
248881,117612
248882,34120
248883,224133
248884,208720
248885,15082
248886,296700
248887,164611
248888,129364
248889,36496
248890,1940
248891,44368
248892,64985
248893,224133
248894,44667
248895,178512
248896,136471
248897,208720
248898,79641
248899,92901
248900,18338
248901,42834
248902,296700
248903,184640
248904,120964
248905,152773
248906,16027
248907,136471
248908,224133
248909,79641
248910,163823
248911,25964
248912,25964
248914,25964
248915,120964
248916,64985
248917,1940
248918,42834
248919,221598
248920,44538
248921,50408
248922,47173
248924,161259
248925,16027
248926,136471
248927,18159
248929,44538
248930,29564
248931,152773
248932,34120
248933,34034
248935,57222
248936,161259
248937,19839
248938,186431
248939,34034
248940,25964
248941,37843
248942,14491
248943,44538
248944,50408
248945,296700
248946,41919
248947,1940
248948,117532
248949,133932
248950,44368
248951,163823
248952,200604
248953,282306
248954,50408
248956,34120
248957,37707
248958,178512
248959,136471
248960,44538
248961,152773
248962,204942
248963,34120
248965,43738
248966,161259
248967,50408
248968,152773
248969,13443
248970,170702
248971,117612
248972,136471
248973,33921
248974,136471
248975,208720
248976,200604
248977,25964
248978,208720
248979,13443
248980,152601
248981,44538
248982,36496
248983,57222
248984,282306
248985,42834
248986,152773
248987,13443
248988,57222
248989,170702
248990,57222
248991,19839
248992,152773
248993,152773
248994,221598
248995,44538
248996,57222
248997,194154
248998,152773
248999,57222
249000,108746
249001,27368
249002,57222
249004,178512
249005,161259
249006,172741
249007,44538
249008,282306
249009,136471
249010,44538
249011,79641
249012,282306
249013,149304
249014,149304
249015,186431
249016,25964
249017,41919
249018,184640
249019,27368
249020,42834
249021,57222
249022,161259
249023,42834
249024,224133
249025,34120
249026,43283
249027,41919
249028,194154
249029,163412
249030,296700
249031,163823
249032,117612
249033,57222
249034,282306
249035,22200
249036,44368
249037,57222
249038,200604
249039,19839
249040,57222
249041,120964
249042,36496
249043,42694
249044,44538
249045,22200
249046,43738
249047,163823
249048,79641
249049,106179
249050,36496
249051,44538
249053,37707
249054,184640
249055,79641
249056,20991
249057,221598
249058,18976
249060,57222
249061,79641
249062,57222
249063,163823
249064,13443
249065,92901
249066,331381
249067,57222
249068,296700
249069,172741
249070,36496
249071,41919
249072,108746
249073,79641
249074,224133
249075,200604
249076,35759
249077,57222
249078,16027
249079,57222
249080,92901
249081,14491
249082,35759
249083,163823
249084,79641
249085,57222
249086,13443
249087,186431
249088,163412
249089,184640
249090,331381
249091,163412
249092,161259
249093,170702
249094,18976
249095,15082
249096,16027
249097,14491
249098,200604
249100,176891
249101,14491
249102,35759
249103,161259
249104,41919
249105,79641
249106,59249
249107,44538
249108,19839
249109,18976
249110,265305
249111,161259
249112,34120
249113,92901
249114,16027
249115,22200
249116,133932
249117,41919
249118,161259
249119,14491
249120,41919
249121,129364
249122,50408
249123,14491
249124,152773
249125,27368
249126,152773
249127,16027
249128,79641
249129,35759
249130,133932
249131,36496
249132,50408
249134,35759
249135,184640
249136,35759
249137,117612
249138,164611
249139,41919
249140,34120
249141,35759
249142,170702
249143,170702
249144,43738
249145,36496
249146,296700
249147,133932
249148,14491
249149,23403
249150,37707
249151,153283
249152,22200
249153,136471
249154,23403
249155,133932
249156,175277
249157,184640
249158,184640
249159,35759
249160,50408
249161,14491
249162,170696
249163,43738
249164,79641
249165,22200
249166,186431
249167,14491
249168,106179
249169,13430
249170,171260
249171,79641
249172,44368
249173,41919
249174,13443
249175,35759
249176,44368
249177,224133
249178,37707
249179,57222
249180,200604
249181,164611
249182,13443
249183,57222
249184,13443
249185,171260
249186,59249
249187,57222
249188,129364
249189,199962
249190,23403
249191,282306
249192,57222
249193,204942
249194,175277
249195,43738
249196,59249
249197,129364
249198,171260
249199,296700
249200,186431
249201,199962
249202,343098
249203,343098
249204,224133
249205,18976
249206,59249
249207,33921
249208,172741
249209,156881
249210,178512
249211,343098
249212,34801
249213,343098
249214,221598
249215,23403
249216,120964
249217,296700
249218,19839
249219,37707
249220,296700
249221,343098
249222,29564
249223,34801
249224,80495
249225,194154
249226,164611
249227,23403
249228,23403
249229,44368
249230,153283
249231,153283
249232,186431
249233,164611
249234,164611
249235,224133
249236,178512
249237,1940
249238,23403
249239,47173
249240,23403
249241,199962
249242,184640
249243,153283
249244,18338
249245,37707
249246,44538
249247,129364
249248,50408
249249,47173
249250,50408
249251,120623
249252,47173
249253,19839
249254,296700
249255,199962
249256,23403
249257,296700
249258,18338
249259,343098
249260,37707
249261,34120
249262,221598
249263,44368
249264,170702
249266,192895
249267,18976
249268,153283
249269,133932
249270,343098
249271,44538
249272,200604
249273,133932
249274,129364
249275,133932
249276,10064
249277,213730
249278,296700
249279,129364
249281,129364
249282,171260
249283,43738
249284,178512
249285,129364
249286,16027
249287,44538
249288,59249
249289,153283
249290,170696
249291,129364
249292,265305
249293,42694
249294,133932
249295,47173
249296,200604
249297,208720
249298,170696
249299,10064
249300,13443
249301,153283
249302,213730
249303,42694
249304,33921
249305,43738
249306,43738
249307,213730
249308,19839
249309,33921
249310,18976
249311,200604
249312,129364
249313,120623
249314,133932
249316,296700
249317,133932
249318,133932
249319,133932
249320,282306
249321,178512
249322,170696
249323,129364
249324,282306
249325,43738
249326,127311
249327,44538
249328,44538
249330,133932
249331,296700
249332,176891
249333,296700
249334,16027
249335,47173
249337,343098
249338,19839
249339,133932
249340,178512
249341,136471
249342,18338
249343,15082
249344,120623
249345,19839
249346,120964
249347,133932
249348,213730
249349,221598
249350,18976
249351,108746
249352,282306
249354,44368
249355,18338
249356,44538
249357,120623
249358,265305
249359,22200
249361,127311
249362,44368
249363,171260
249364,178512
249365,42834
249366,120964
249368,19839
249369,64850
249370,19839
249371,200604
249372,13443
249373,200604
249374,8709
249377,136471
249378,44538
249379,133932
249380,200604
249381,204942
249382,224133
249384,173143
249385,41919
249386,133932
249387,163412
249388,35759
249389,16027
249390,175277
249392,44538
249393,178512
249394,43738
249395,163412
249396,173143
249397,210608
249398,22168
249399,14491
249400,200604
249401,41919
249402,25964
249403,265305
249404,265305
249405,163412
249406,44538
249407,35759
249408,50408
249409,152773
249410,207602
249411,175277
249412,173282
249413,27368
249414,343098
249415,175277
249416,79641
249417,120964
249418,16027
249419,129364
249420,296700
249421,44368
249423,120964
249424,199962
249425,120964
249426,265305
249427,221598
249428,44368
249429,29564
249430,34034
249431,129364
249432,207602
249433,178512
249434,129364
249435,176891
249436,44667
249437,129364
249438,120964
249439,171176
249440,13443
249441,265305
249442,42694
249443,18976
249444,120964
249445,80495
249446,129364
249447,178512
249448,136471
249449,129364
249450,171176
249451,44538
249452,178512
249453,178512
249454,46005
249455,204942
249456,18976
249457,152601
249458,164611
249459,164611
249460,178512
249461,18976
249462,282306
249463,178512
249464,178512
249465,14491
249466,22168
249467,136471
249468,44368
249469,224133
249470,117612
249471,282306
249472,44538
249473,43738
249474,282306
249476,13443
249477,178512
249478,18976
249479,33921
249480,172741
249481,282306
249482,163412
249483,24418
249484,173141
249485,331381
249486,164611
249487,282306
249488,178512
249489,15082
249490,368274
249491,50408
249492,129364
249493,117612
249494,184640
249495,1940
249496,18976
249497,18976
249498,178512
249499,163823
249500,174596
249501,34120
249502,222833
249503,171176
249504,221598
249505,165071
249506,14491
249508,117612
249509,178512
249510,343098
249511,164611
249512,152601
249513,133932
249514,178512
249515,120964
249516,19839
249517,19839
249518,19839
249519,218573
249520,163823
249521,199962
249522,117612
249523,90782
249524,22200
249525,42834
249526,41919
249527,25964
249528,42834
249529,178512
249530,178512
249531,133932
249532,41919
249533,199962
249534,265305
249535,282306
249536,164611
249537,331381
249538,107173
249539,47173
249540,18338
249541,178512
249542,173141
249544,19839
249547,13443
249548,221598
249549,16027
249550,152601
249552,200604
249553,117532
249554,296700
249555,16027
249556,200604
249557,120964
249558,200604
249559,173143
249560,41919
249561,282306
249562,46005
249563,44538
249564,173141
249565,36496
249566,120964
249567,265305
249568,25964
249569,127311
249570,184640
249571,200604
249572,15082
249573,1940
249574,1940
249575,79641
249576,164611
249577,1940
249578,22168
249579,194154
249580,282306
249583,34801
249584,22168
249585,33921
249586,129364
249587,117612
249588,171176
249589,175277
249590,174596
249591,129364
249592,282306
249593,36496
249594,129364
249595,22168
249596,171176
249597,80495
249598,265305
249600,43738
249601,173143
249602,265305
249603,13443
249605,34120
249606,42834
249607,1940
249608,129364
249609,210608
249610,192895
249611,34120
249612,25964
249613,171176
249614,218573
249615,14491
249616,34120
249617,120623
249618,296700
249619,13443
249620,43738
249621,13443
249622,199962
249623,170696
249624,44667
249625,42834
249626,149304
249627,178512
249628,16027
249629,79641
249630,108746
249631,163412
249632,18976
249633,173141
249634,152773
249635,157979
249636,163412
249637,47173
249638,133932
249639,43738
249640,16027
249641,43738
249642,213730
249643,200604
249644,282306
249645,172741
249646,27368
249647,282306
249648,13443
249649,164611
249650,171176
249651,282306
249652,152773
249653,164611
249655,22200
249656,43738
249658,221598
249659,79641
249660,22200
249661,22200
249662,15082
249663,42834
249664,296700
249665,178512
249666,15082
249667,208720
249668,152773
249669,184640
249670,163823
249671,34120
249672,152773
249673,18338
249674,79641
249675,13443
249676,120964
249677,108746
249678,136471
249679,178512
249680,152773
249681,282306
249682,46005
249683,120623
249684,117532
249685,171260
249686,171176
249687,208720
249688,43738
249689,218573
249690,43738
249691,43738
249692,194154
249693,213730
249694,192895
249695,18338
249696,222833
249697,13443
249698,106179
249699,200604
249700,200604
249701,25964
249702,296700
249703,79641
249704,178512
249705,163823
249706,50408
249707,46005
249708,200604
249709,152773
249710,200604
249711,175277
249712,120964
249713,120964
249714,16027
249715,178512
249716,25964
249717,25964
249718,163412
249719,152773
249720,117612
249721,173143
249722,79641
249723,112367
249724,152773
249725,152773
249726,19839
249727,117532
249729,186431
249730,13443
249731,92901
249732,47173
249733,34120
249734,184640
249735,79641
249736,265305
249737,218573
249738,13443
249739,34120
249741,41919
249742,79641
249743,178512
249744,44538
249745,14491
249746,163823
249747,47173
249748,36496
249750,14491
249751,19839
249752,120964
249753,79641
249754,13443
249755,19839
249756,16027
249757,200604
249758,129364
249759,36496
249760,79641
249761,43738
249762,13443
249763,178512
249764,13443
249765,279604
249766,36496
249767,34120
249768,79641
249769,120964
249770,34120
249771,25964
249772,224133
249773,173143
249776,200604
249777,175277
249778,163823
249779,117612
249780,64850
249781,25964
249782,13443
249783,200604
249784,136471
249785,41919
249786,35759
249787,175277
249788,35759
249789,178512
249790,282306
249791,163412
249792,171260
249793,117612
249794,33921
249795,184640
249796,184640
249797,38663
249798,171260
249799,44538
249800,19839
249801,171176
249802,18976
249803,173141
249804,224133
249805,16027
249806,20991
249807,108746
249808,133932
249809,80495
249810,34120
249811,14491
249812,35759
249813,200604
249814,14491
249815,8709
249816,43738
249817,184640
249818,25964
249819,296700
249820,163823
249821,35759
249822,173143
249823,35759
249824,296700
249825,129364
249826,164611
249827,178512
249828,43738
249829,184640
249830,164611
249831,174596
249832,36496
249833,224133
249834,164611
249835,163412
249836,146334
249837,50408
249838,171176
249839,46005
249840,171176
249841,296700
249843,175277
249844,50408
249845,1940
249846,33921
249847,172741
249848,171176
249849,178512
249850,265305
249851,184640
249852,35759
249853,117612
249854,156881
249855,186431
249856,50408
249857,18976
249858,199962
249859,173141
249860,50408
249861,8709
249862,221598
249863,14491
249864,178512
249865,14491
249866,8709
249867,44538
249868,23403
249869,296700
249870,35759
249871,50408
249872,47173
249873,23403
249874,50408
249875,172741
249876,42694
249877,164611
249878,173141
249879,14491
249880,23403
249881,170702
249882,46005
249884,164611
249885,136471
249886,186431
249887,64850
249888,44538
249889,64850
249890,50408
249891,158146
249892,173141
249893,14491
249894,129364
249895,171176
249896,343098
249897,18976
249898,8709
249899,23403
249900,296700
249901,27368
249902,8709
249903,175277
249904,22200
249905,133932
249906,59249
249907,158146
249908,156881
249909,170702
249910,79641
249911,47173
249912,43738
249913,296700
249914,343098
249915,43738
249916,207602
249917,178512
249918,23403
249919,8709
249920,117532
249921,129364
249922,296700
249924,158146
249925,120964
249926,15082
249927,178512
249928,79641
249929,129364
249930,186431
249931,50408
249932,59249
249933,158146
249934,59249
249935,79641
249936,43738
249937,79641
249938,13443
249939,24418
249940,24418
249941,296700
249942,79641
249943,163823
249944,129364
249945,224133
249946,120964
249947,129364
249948,173141
249949,112367
249950,156881
249951,170702
249952,1940
249953,133932
249954,178512
249955,133932
249956,136471
249957,199962
249958,158146
249960,186431
249961,170696
249962,129364
249963,136471
249964,178512
249965,133932
249966,80495
249967,79641
249969,24418
249970,43738
249971,133932
249972,133932
249973,265305
249974,129364
249975,265305
249976,178512
249977,47173
249978,129364
249979,34034
249980,178512
249981,11519
249982,208720
249983,296700
249984,120964
249985,221598
249987,170696
249988,120623
249989,186431
249990,184640
249991,178512
249992,43283
249993,129364
249994,47173
249995,64850
249996,178512
249997,64985
249998,178512
249999,120623
250000,343098
250001,18976
250002,178512
250004,178512
250005,15082
250006,199962
250007,80495
250008,175277
250009,108746
250010,178512
250011,133932
250012,210608
250013,44368
250014,33921
250015,15082
250016,44368
250017,178512
250019,120623
250020,178512
250021,64850
250022,44368
250023,173143
250024,171260
250025,25964
250026,19839
250027,199962
250029,44368
250030,47173
250031,33921
250032,18338
250033,178512
250034,163823
250035,174596
250036,19839
250038,163823
250039,178512
250040,90782
250041,163823
250042,178512
250043,186431
250044,192895
250045,173141
250046,19839
250047,178512
250048,178512
250049,33921
250050,44368
250051,174596
250052,92901
250053,120623
250054,133932
250055,142512
250056,163823
250057,117532
250059,27368
250060,20991
250061,133932
250062,44368
250063,133932
250064,171260
250065,210608
250066,19706
250067,64985
250068,127311
250069,170702
250070,133932
250071,164611
250072,200604
250073,142512
250074,178512
250075,142512
250076,133932
250077,50408
250078,200604
250079,44538
250080,178512
250081,133932
250082,178512
250083,178512
250085,106179
250086,127311
250087,13443
250088,29011
250089,165790
250091,13443
250092,1940
250093,18338
250094,50408
250095,174596
250096,265305
250097,120964
250098,178512
250099,173141
250100,13443
250101,13443
250102,22200
250103,43738
250104,218573
250105,279604
250106,47173
250108,279604
250109,129364
250110,133932
250111,152601
250112,171176
250114,15082
250115,20991
250116,44368
250117,50408
250119,170702
250120,175277
250121,120623
250122,174596
250123,129364
250124,129364
250125,157639
250126,157639
250127,199962
250128,265305
250129,11519
250130,1940
250131,117612
250132,44368
250133,175277
250134,44368
250135,41919
250136,176891
250137,44538
250138,34120
250139,44368
250140,265305
250141,171176
250143,92901
250144,343098
250145,296700
250146,44538
250147,129364
250148,186431
250149,25964
250150,44368
250151,13443
250152,44368
250153,35759
250154,13443
250155,171260
250156,204942
250157,120623
250158,152773
250159,282306
250160,152773
250161,210608
250162,221598
250163,175277
250164,279604
250165,208720
250166,282306
250167,296700
250168,11519
250169,157639
250170,13443
250171,164611
250172,92901
250173,199962
250174,221598
250175,117532
250176,34120
250177,210608
250178,24418
250179,129364
250180,177315
250181,50408
250182,120964
250183,152773
250184,43738
250185,199962
250186,47173
250187,296700
250188,177315
250190,13443
250191,59249
250192,171260
250193,44368
250194,19839
250195,199962
250196,44368
250197,19706
250198,44538
250199,120623
250200,27368
250201,29564
250202,129364
250203,210608
250205,1940
250206,44368
250207,296700
250208,34120
250209,13443
250210,44368
250211,13443
250212,265305
250213,13443
250214,127311
250216,18338
250217,15082
250218,210608
250219,208720
250220,208720
250221,200604
250222,127311
250223,152773
250224,1940
250225,153283
250226,43738
250227,120964
250228,29564
250230,200604
250231,199962
250232,199962
250233,50408
250234,44368
250235,175223
250236,221598
250237,200604
250238,208720
250239,11519
250240,142512
250241,279604
250242,171176
250243,200604
250245,16027
250246,170607
250247,142512
250248,120964
250249,171260
250250,18338
250251,41919
250252,50408
250253,44538
250254,133932
250255,43738
250256,164611
250257,127311
250258,44368
250259,199962
250261,199962
250262,19706
250263,15082
250264,265305
250265,163412
250266,142512
250267,41919
250268,120964
250269,120964
250270,44368
250271,33921
250272,13443
250273,170702
250275,34120
250276,25964
250277,34034
250278,34120
250279,15082
250280,129364
250281,127311
250282,120964
250283,296700
250284,42834
250285,170702
250286,33921
250287,71630
250288,152773
250289,133932
250290,25964
250291,210608
250292,199962
250293,16027
250294,129364
250295,199962
250296,43738
250297,64850
250299,13443
250300,18338
250301,44538
250302,44368
250303,47173
250304,164611
250305,200604
250306,120623
250307,279604
250308,16027
250309,120964
250310,10064
250311,152773
250312,173141
250313,279604
250314,15082
250315,175277
250316,200604
250317,129364
250318,178731
250319,127311
250320,200604
250321,35759
250322,22200
250323,265305
250324,199962
250325,199962
250326,170702
250327,129364
250328,163823
250329,296700
250330,194154
250331,14491
250332,210608
250333,331381
250334,64985
250335,35759
250336,44538
250337,296700
250338,35759
250339,44538
250340,127311
250341,44538
250342,43738
250343,296700
250344,218573
250345,42834
250346,163412
250347,35759
250348,204942
250349,210608
250350,127311
250351,18976
250352,152601
250353,164611
250354,186431
250355,200604
250356,92901
250357,1940
250358,163823
250359,199962
250360,279604
250361,92901
250362,20991
250363,204942
250364,44538
250365,18976
250366,43738
250367,19839
250368,152773
250369,117612
250371,204942
250372,44538
250373,34120
250374,34120
250375,16027
250376,120623
250377,64850
250378,59249
250379,44538
250380,33921
250381,22200
250382,44538
250383,44538
250386,43738
250387,127311
250388,152773
250389,192895
250390,25964
250391,282306
250392,120964
250393,133932
250394,92901
250395,279604
250396,218573
250397,296700
250398,117532
250399,133932
250400,171176
250401,129364
250402,149304
250403,120623
250404,18338
250405,44538
250406,25964
250407,200604
250408,29564
250409,64850
250410,41919
250411,120623
250412,13443
250413,200604
250414,64850
250415,175223
250416,25964
250417,19839
250418,152773
250419,133932
250420,44538
250421,208720
250422,152773
250423,133932
250424,29564
250425,152773
250426,64850
250427,108746
250428,152773
250429,112367
250430,13443
250431,152601
250432,120964
250433,163823
250434,44368
250435,152773
250436,44368
250437,296700
250438,163823
250439,43738
250440,208720
250441,117532
250442,64850
250443,204942
250444,129364
250445,35759
250446,47173
250447,296700
250448,25964
250449,164611
250450,200604
250451,163823
250452,175223
250453,8709
250454,282306
250455,50408
250456,153283
250457,22200
250458,163823
250459,152773
250460,41919
250461,164611
250462,50408
250463,13443
250464,173141
250465,153283
250466,184640
250467,200604
250468,152773
250469,25964
250470,16027
250471,163823
250472,265305
250473,171260
250474,13443
250475,210608
250476,1940
250477,16027
250478,47173
250479,170702
250480,208720
250481,170696
250482,44368
250483,120623
250484,64850
250485,279604
250486,16027
250487,221598
250489,343098
250490,117532
250491,34120
250492,164611
250493,184640
250494,24418
250495,194154
250496,170696
250497,133932
250498,192895
250499,171176
250500,47173
250501,35759
250502,44368
250503,8709
250504,35759
250505,16027
250506,41919
250507,47173
250508,23403
250509,152773
250510,18976
250511,35759
250512,29564
250513,156881
250514,120623
250515,296700
250516,35759
250517,136471
250518,129364
250519,218573
250520,296700
250521,171176
250522,164611
250523,14491
250524,43738
250525,163823
250526,129364
250527,22200
250528,47173
250529,42834
250530,23403
250531,92901
250532,171176
250533,161259
250534,22168
250535,18976
250536,44538
250537,152773
250538,171176
250539,204942
250540,171176
250541,22200
250542,23403
250543,8709
250544,35759
250545,18976
250546,22200
250547,18976
250548,120623
250549,22200
250550,133932
250551,164611
250552,153283
250553,35759
250554,343098
250555,156881
250556,14491
250557,8709
250558,117612
250559,194154
250560,46005
250561,129364
250562,129364
250563,14491
250564,8709
250565,14491
250566,1940
250567,23403
250568,173141
250569,80495
250570,156881
250571,1940
250572,44368
250573,343098
250574,120964
250575,47173
250576,38704
250577,64985
250578,129364
250579,44368
250580,19706
250581,120623
250582,129364
250583,106179
250584,47173
250585,153283
250586,23403
250587,19706
250588,129364
250589,13430
250590,129364
250591,163823
250592,331381
250593,343098
250594,23403
250595,23403
250596,46005
250598,153283
250599,129364
250600,59249
250601,16027
250602,152773
250603,133932
250604,23403
250605,133932
250607,64985
250608,129364
250609,296700
250610,59249
250611,199962
250612,8709
250613,170702
250614,136471
250615,133932
250616,153283
250617,129364
250618,24418
250619,153283
250620,43738
250621,13443
250622,165790
250623,343098
250624,129364
250625,1940
250626,186431
250627,1940
250628,43738
250629,43283
250630,153283
250631,194154
250632,35759
250633,173143
250634,18976
250635,129364
250636,16027
250637,133932
250638,64850
250639,47173
250640,296700
250641,343098
250642,153283
250643,129364
250644,47173
250645,133932
250646,165790
250647,343098
250648,173141
250649,18159
250650,16027
250651,43738
250653,157979
250654,163823
250655,173143
250656,129364
250657,199962
250658,153283
250659,199962
250661,15082
250662,44538
250664,161259
250665,161259
250666,296700
250667,171176
250668,173143
250669,43738
250670,171260
250671,41919
250672,133932
250673,47173
250674,282306
250676,282306
250677,133932
250678,129364
250679,13443
250680,19839
250682,171260
250683,64850
250684,199962
250685,80495
250686,8709
250687,224133
250688,171260
250689,16027
250690,296700
250691,199962
250692,44538
250693,15082
250694,163823
250695,26712
250696,213730
250697,149304
250698,29564
250699,22168
250700,18976
250702,129364
250703,221598
250704,25964
250705,133932
250706,200604
250707,117532
250708,16027
250709,208720
250712,43738
250713,153283
250714,35759
250715,108746
250716,13443
250717,129364
250718,153283
250719,35759
250720,19167
250721,64850
250722,50408
250723,44538
250724,136471
250726,208720
250727,221598
250728,161259
250729,170702
250730,152773
250731,42834
250732,25964
250733,136471
250734,343098
250735,22168
250736,279604
250737,208720
250738,19706
250739,208720
250740,41919
250741,265305
250742,208720
250743,177315
250744,199962
250745,224133
250746,64985
250747,22200
250748,163823
250749,35759
250750,22200
250751,64985
250752,127311
250753,8709
250754,178731
250756,13443
250757,22168
250758,265305
250759,35759
250760,265305
250761,35759
250762,173143
250763,149304
250764,22168
250765,44538
250766,173141
250767,221598
250768,173143
250769,173143
250770,173143
250771,173143
250772,173143
250773,173143
250774,173143
250775,173143
250776,173143
250777,173143
250778,173143
250779,173143
250780,173143
250781,173143
250782,173143
250783,173143
250784,173143
250785,173143
250786,173143
250787,173141
250788,265305
250789,44368
250790,204942
250791,210608
250792,296700
250793,296700
250794,35759
250795,200604
250796,80495
250797,19706
250798,27368
250799,112367
250800,200604
250802,296700
250803,19706
250804,161259
250805,33921
250806,80495
250807,59431
250808,44538
250809,1940
250810,173143
250811,136471
250812,23403
250814,199962
250815,129364
250816,8709
250817,25964
250818,19706
250819,117612
250820,186431
250821,44538
250822,136471
250823,33921
250824,200604
250825,19839
250826,194154
250827,171176
250828,117612
250830,171176
250832,34120
250833,282306
250834,25964
250835,127311
250837,177315
250838,173143
250839,161259
250840,25964
250841,204942
250842,184640
250843,19839
250844,224133
250845,80495
250846,152773
250847,41919
250848,120964
250849,41919
250850,43738
250851,265305
250852,28716
250853,224133
250854,8709
250855,41919
250856,218573
250857,80495
250858,221598
250859,142512
250860,19839
250861,218573
250863,117612
250864,221598
250865,24418
250866,171176
250867,6974
250868,41919
250869,44368
250870,265305
250871,19706
250872,171176
250873,44368
250874,279604
250875,282306
250876,18976
250877,133932
250878,200604
250879,35759
250880,200604
250881,177315
250882,265305
250883,41919
250884,221598
250885,129364
250886,200604
250887,43738
250888,35759
250889,129364
250892,149304
250893,224133
250894,161259
250896,50408
250897,136471
250898,24418
250899,18159
250900,265305
250901,41919
250902,13443
250903,175277
250904,178512
250905,19839
250906,153283
250907,171176
250908,33921
250909,177315
250911,152773
250912,173143
250913,152773
250914,38704
250915,19839
250916,44538
250917,296700
250918,117612
250919,173143
250921,92901
250922,28716
250923,50408
250924,44538
250925,178512
250926,224133
250927,47173
250928,296700
250929,200604
250930,152773
250932,149304
250933,265305
250934,171176
250935,210608
250936,34120
250937,44538
250938,221598
250939,152601
250940,152773
250941,117612
250942,129364
250943,25964
250944,28716
250945,224133
250946,224133
250947,47173
250948,177315
250949,163823
250950,19839
250952,47173
250953,177315
250954,163823
250955,41919
250956,142512
250957,117612
250958,133932
250959,64985
250960,170702
250961,200604
250962,173141
250963,177315
250964,46005
250965,68099
250966,20991
250967,20991
250968,142512
250969,46005
250970,46005
250971,282306
250973,163412
250974,149304
250975,173141
250976,149304
250977,173141
250978,41919
250979,173141
250980,163412
250981,136471
250982,47173
250983,47173
250984,47173
250985,25964
250986,200604
250987,44368
250989,194154
250991,64850
250992,35759
250993,117612
250994,177315
250997,170702
250998,296700
250999,133932
251000,204942
251001,149304
251002,44368
251003,19839
251004,296700
251005,282306
251006,35759
251007,16027
251008,11519
251009,170702
251010,149304
251011,199962
251012,19839
251013,173141
251014,127311
251015,44538
251016,127311
251017,18976
251018,25964
251019,120964
251020,171176
251021,18976
251022,178512
251023,136471
251024,163823
251025,265305
251026,296700
251027,44538
251028,127311
251029,13443
251031,163823
251032,34120
251033,296700
251034,59249
251035,19839
251036,41919
251037,149304
251038,282306
251039,343098
251040,127311
251041,161259
251042,18338
251043,204942
251044,23403
251045,43738
251046,127311
251047,152773
251048,200604
251049,129364
251050,35759
251051,41919
251052,120964
251053,200604
251054,25964
251055,170702
251056,18159
251057,19839
251058,200604
251059,44368
251060,18976
251061,25964
251062,18976
251063,153283
251064,173143
251065,19167
251066,43738
251068,18338
251069,80495
251070,224133
251072,133932
251073,120964
251074,41919
251075,44538
251076,152773
251077,35759
251078,16027
251079,41919
251080,279604
251081,224133
251082,14491
251083,210608
251084,133932
251085,14491
251086,279604
251087,161259
251088,152773
251089,120964
251090,162336
251092,178512
251093,120964
251094,120964
251095,127311
251097,152773
251098,44368
251099,296700
251100,136471
251101,224133
251103,200604
251104,156881
251106,34120
251107,18338
251110,120964
251112,296700
251113,41919
251114,35759
251115,163823
251116,120964
251117,26712
251118,163823
251119,42834
251120,184640
251122,107173
251123,117612
251124,44368
251125,25964
251126,163412
251127,161259
251128,199962
251129,90782
251130,200604
251132,146334
251133,43738
251134,19839
251135,120964
251136,43738
251137,218573
251138,34120
251139,224133
251140,136471
251141,163823
251142,25964
251143,44538
251144,127311
251146,224133
251147,19839
251148,184640
251149,35759
251150,331381
251151,173143
251152,117532
251153,152773
251154,152773
251155,19706
251156,200604
251157,47173
251158,174596
251159,127311
251160,170702
251161,120964
251162,64850
251163,136471
251164,43738
251165,127311
251166,210608
251167,117532
251168,136471
251169,170702
251170,221598
251171,44368
251172,35759
251173,222833
251175,13443
251177,44368
251178,296700
251179,34120
251180,224133
251181,265305
251182,265305
251183,164611
251184,173143
251185,161259
251186,149304
251187,35759
251188,26712
251189,44538
251190,279604
251191,127311
251192,184640
251193,16027
251194,192895
251195,64850
251196,165790
251197,34120
251198,163823
251199,44538
251200,35759
251201,117612
251202,184640
251203,171176
251204,156881
251205,117612
251206,171260
251207,204942
251208,170702
251209,157639
251210,16027
251211,210608
251213,13443
251214,184640
251215,265305
251216,279604
251217,171176
251218,173143
251219,19839
251221,265305
251222,19839
251223,43738
251224,171176
251225,175277
251226,126618
251227,175277
251228,265305
251229,44538
251230,120623
251231,41919
251232,41919
251233,200604
251234,200604
251235,175223
251236,44538
251237,175223
251238,175223
251239,117612
251240,163823
251241,296700
251242,47173
251243,50408
251244,34120
251245,35759
251246,175277
251247,19706
251248,117612
251249,170702
251250,26712
251251,44368
251252,41919
251253,16027
251254,173143
251255,279604
251256,282306
251257,64850
251258,117532
251259,210608
251260,170702
251261,210608
251262,171260
251263,171176
251264,186431
251265,171260
251266,224133
251267,279604
251268,171176
251269,133932
251270,218573
251271,279604
251272,120623
251273,221598
251274,127311
251275,199962
251276,199962
251277,38663
251278,173143
251279,22200
251280,23403
251281,44368
251282,282306
251283,210608
251284,120623
251285,47173
251286,108746
251287,161259
251288,200604
251289,46005
251290,35759
251291,156881
251292,8709
251293,18976
251294,171176
251295,27368
251296,50408
251297,117612
251298,23403
251299,173141
251300,19706
251301,178731
251302,10064
251303,117612
251305,35759
251306,23403
251307,210608
251308,44538
251309,163823
251310,80495
251311,14491
251312,157639
251313,221598
251314,265305
251315,129364
251316,343098
251317,171176
251318,175277
251319,265305
251320,153283
251322,171176
251324,108746
251325,152601
251326,343098
251327,23403
251328,174596
251329,133932
251330,162336
251331,210608
251332,170702
251333,173141
251334,1940
251335,165790
251336,64985
251337,210608
251338,50408
251339,175223
251340,23403
251341,186431
251342,47173
251343,112367
251344,296700
251345,1940
251346,13430
251347,8709
251348,129364
251349,296700
251350,221598
251351,153283
251352,265305
251353,129364
251354,44368
251355,210608
251356,331381
251357,186431
251358,120964
251359,47173
251360,162336
251361,22200
251362,165790
251363,23403
251364,129364
251365,120964
251366,162336
251367,59249
251368,47173
251369,43738
251370,23403
251371,265305
251372,265305
251373,50408
251374,129364
251375,136471
251376,156881
251377,186431
251378,224133
251379,129364
251380,136471
251381,129364
251382,136471
251383,153283
251384,28716
251385,59249
251386,35759
251387,162336
251388,265305
251389,296700
251390,44368
251391,153283
251392,265305
251393,33921
251394,173141
251395,133932
251396,265305
251397,35759
251398,133932
251399,156881
251400,174596
251401,177315
251402,173143
251403,127311
251404,129364
251405,19839
251406,19839
251407,162336
251408,19839
251409,44538
251410,19839
251411,25964
251412,44538
251413,42834
251414,129364
251415,279604
251416,44368
251418,47173
251419,68099
251420,265305
251421,19167
251422,152601
251423,186431
251424,35759
251425,186431
251426,35759
251427,35759
251428,27368
251429,18976
251430,64850
251431,50408
251433,175277
251434,174596
251435,50408
251436,153283
251437,136471
251438,64985
251439,50408
251440,13443
251441,13443
251442,59249
251443,13443
251444,120964
251445,44368
251446,194154
251447,18976
251448,210608
251449,50408
251450,129364
251451,64850
251452,133932
251453,120623
251454,35759
251455,218573
251456,120623
251457,186431
251458,170696
251459,59249
251460,50408
251461,296700
251462,44368
251463,218573
251464,35759
251465,44538
251466,13443
251467,33921
251468,22168
251469,44538
251470,218573
251472,19706
251473,43738
251474,175223
251475,50408
251476,120623
251479,18976
251480,19706
251481,208720
251482,152773
251483,163412
251484,112367
251485,29564
251486,25964
251487,173143
251488,120623
251489,50408
251490,44538
251491,157639
251492,44538
251493,164611
251494,296700
251495,117612
251496,47173
251497,279604
251499,194154
251500,32114
251502,163823
251504,19706
251505,120964
251506,173143
251508,44538
251509,22200
251510,57222
251511,27368
251513,204942
251514,44538
251515,157979
251516,120964
251517,92901
251518,44538
251519,92901
251520,68099
251521,44538
251522,44368
251523,157979
251524,42834
251525,44538
251526,42694
251527,13443
251528,127311
251529,13443
251530,13443
251531,13443
251532,13443
251533,13443
251534,34801
251535,13443
251536,224133
251537,13443
251538,13443
251539,13443
251540,13443
251541,44538
251542,44538
251543,50408
251544,13443
251545,13443
251546,22168
251547,13443
251548,13443
251549,50408
251550,120964
251551,34801
251552,157979
251553,44538
251554,157979
251555,27368
251556,116016
251557,164611
251558,175277
251559,19839
251560,44538
251561,265305
251562,204942
251563,34801
251564,120964
251565,50408
251566,296700
251567,161259
251568,157639
251569,224133
251570,212508
251571,44667
251572,157639
251573,13443
251574,44667
251575,152773
251576,157639
251577,175277
251578,296700
251579,44667
251580,19839
251581,13443
251582,34034
251583,35759
251584,50408
251585,120623
251586,224133
251587,14491
251588,44368
251589,210608
251591,296700
251592,16027
251593,296700
251594,13443
251596,136471
251597,28716
251598,296700
251600,163823
251601,170702
251602,136471
251603,34034
251604,50408
251605,265305
251606,44368
251607,19839
251608,136471
251609,28716
251610,34034
251611,224133
251612,43738
251613,171176
251614,296700
251615,171260
251617,162336
251618,175277
251619,162336
251620,80495
251621,164611
251622,16027
251623,175277
251624,265305
251625,199962
251626,44538
251627,296700
251628,162336
251629,44667
251630,59431
251631,27368
251632,210608
251634,42834
251635,29564
251636,19839
251637,23839
251638,13443
251639,50408
251640,23839
251641,265305
251644,210608
251645,171176
251646,59431
251647,13443
251648,127311
251650,194154
251651,23839
251652,265305
251653,331381
251654,173141
251655,80495
251656,175223
251657,80495
251658,47173
251659,23839
251660,44368
251661,127311
251662,170607
251663,33921
251664,265647
251665,19706
251666,13443
251667,13443
251668,265305
251669,136471
251670,19839
251671,8709
251672,120964
251673,224133
251674,136471
251675,19839
251676,163823
251677,136471
251678,26712
251679,210608
251680,18976
251681,44368
251682,177315
251683,265647
251685,23839
251686,170607
251687,265305
251688,153283
251689,282306
251690,43738
251691,224133
251692,42834
251693,120964
251694,170607
251695,19839
251697,34034
251698,19167
251699,279604
251700,129364
251702,42694
251703,41919
251704,50408
251705,170607
251706,171260
251707,13443
251708,186431
251709,44368
251710,44368
251711,13443
251712,13443
251713,296700
251714,186431
251715,42834
251716,175223
251717,218573
251718,44368
251719,19839
251720,120964
251721,92901
251722,35759
251723,163823
251724,43738
251725,19706
251726,13443
251727,204942
251728,186431
251729,175277
251730,33921
251731,221598
251732,221598
251733,218573
251734,208720
251735,296700
251736,170607
251739,120964
251740,13443
251741,19706
251742,41919
251743,120623
251744,64850
251745,208720
251746,25964
251747,175277
251748,175223
251749,107173
251750,19706
251751,120623
251753,165790
251754,200604
251755,19839
251756,161259
251757,42834
251758,218573
251759,120623
251760,165790
251761,19839
251762,50408
251763,44368
251764,331381
251765,44538
251766,16027
251767,120964
251768,127311
251769,25964
251770,13443
251771,218573
251772,296700
251773,296700
251774,163823
251775,41919
251776,44368
251777,282306
251778,41919
251779,19167
251780,14491
251781,92901
251782,120623
251783,129364
251784,10064
251785,208720
251786,171176
251787,13443
251788,59431
251789,210608
251790,127311
251791,218573
251792,13443
251793,16027
251794,50408
251795,24418
251796,331381
251797,192895
251798,35759
251799,59431
251800,200604
251801,171260
251802,127311
251803,64850
251804,210608
251805,25964
251806,331381
251807,171260
251808,163823
251809,64850
251811,186431
251812,309608
251813,64985
251814,199962
251815,46005
251816,13443
251817,25964
251818,127311
251819,13443
251820,43738
251821,71630
251822,50408
251823,161259
251824,224133
251825,26712
251826,43738
251827,279604
251828,173143
251829,224133
251830,279604
251831,33921
251832,200604
251833,178512
251834,44368
251835,43738
251836,171176
251837,71630
251838,50408
251839,50408
251840,149721
251841,171176
251842,10064
251843,44368
251844,152601
251845,129364
251847,153283
251848,163823
251849,16027
251850,175277
251852,282306
251853,19839
251854,18976
251855,265647
251856,35759
251857,161259
251858,16027
251859,136471
251860,16027
251861,210608
251862,136471
251863,50408
251864,163823
251865,13443
251866,18976
251867,120623
251868,177315
251869,149721
251870,331381
251871,221598
251872,175277
251873,163823
251874,218573
251875,186431
251877,149721
251878,164611
251879,149721
251880,43738
251881,42834
251882,50408
251883,35759
251884,120964
251885,35759
251886,35759
251887,171176
251888,221598
251889,224133
251890,120623
251891,43283
251892,279604
251894,173143
251895,18338
251896,13430
251897,178512
251898,13443
251899,35759
251900,224133
251901,331381
251902,279604
251903,218573
251904,59249
251905,120623
251906,136471
251907,13430
251908,44368
251909,171176
251910,116016
251911,136471
251912,177315
251913,16027
251914,331381
251915,22200
251916,199962
251917,199962
251918,59249
251919,186431
251920,210608
251921,120623
251922,14491
251923,18159
251924,8709
251925,265647
251926,129364
251927,35759
251928,221598
251929,18159
251930,16027
251931,121098
251932,59249
251933,153283
251934,175277
251935,64985
251936,120623
251937,14491
251938,221598
251939,343098
251940,153283
251941,106179
251942,153283
251943,47173
251944,279604
251945,136471
251946,12586
251947,129364
251948,59249
251949,18159
251950,177315
251951,129364
251952,224133
251953,47173
251954,175277
251955,331381
251956,44538
251957,163823
251958,186431
251959,36526
251960,173141
251961,136471
251962,129364
251963,149721
251964,10064
251965,331381
251966,165790
251967,18159
251968,149721
251969,16027
251970,59249
251971,71630
251972,265647
251973,11519
251974,221598
251975,10064
251976,173141
251977,153283
251979,47173
251980,129364
251981,136471
251982,136471
251983,64850
251984,175277
251985,175277
251986,194154
251987,26712
251988,221598
251989,129364
251990,265647
251991,11519
251992,41919
251993,129364
251994,153283
251996,127311
251998,112367
251999,186431
252000,221598
252001,47173
252002,165790
252003,43738
252004,136471
252005,221598
252006,19839
252007,43738
252008,50408
252009,194154
252010,208720
252011,200604
252012,153283
252013,136471
252014,176891
252015,165790
252016,64850
252017,64850
252018,173141
252019,43738
252020,28716
252021,129364
252022,28716
252023,136471
252024,165790
252025,20991
252026,221598
252027,279604
252028,343098
252029,136471
252030,11519
252031,42834
252032,117532
252033,296700
252034,175223
252035,152601
252036,44368
252037,26712
252038,44368
252039,129364
252040,18159
252041,213730
252042,129364
252043,41919
252044,44368
252045,34801
252046,117532
252047,136471
252048,184640
252049,106179
252050,343098
252051,163823
252052,41919
252053,343098
252054,59249
252055,71630
252056,27368
252057,221598
252058,153283
252060,71630
252061,35759
252062,43738
252063,153283
252064,127311
252065,23403
252066,16027
252067,13443
252068,23839
252069,26712
252070,14491
252071,153283
252072,44538
252073,41919
252074,174596
252075,221598
252076,331381
252077,199962
252078,18159
252079,127311
252080,153283
252081,149721
252082,38663
252083,50408
252084,173141
252085,162336
252086,117532
252087,136471
252088,26712
252089,16027
252090,153283
252091,279604
252092,152773
252093,136471
252094,213730
252095,43738
252096,174596
252097,171176
252098,175277
252099,204942
252100,163823
252101,343098
252102,12586
252103,42834
252104,71630
252105,50408
252106,221598
252107,71630
252108,44538
252109,175223
252110,127311
252111,23839
252112,210608
252113,43283
252114,47173
252115,164611
252116,43738
252118,42834
252119,224133
252120,44667
252121,44538
252122,218573
252123,44368
252124,16027
252125,13443
252126,163823
252127,157979
252128,27368
252129,50408
252130,50408
252131,34034
252132,175223
252133,13443
252134,44368
252135,208720
252136,18338
252137,157979
252138,194154
252139,13443
252140,194154
252142,265647
252143,13443
252144,213730
252145,127311
252146,14491
252147,221598
252148,164611
252149,35759
252150,221598
252151,157979
252153,224133
252154,34034
252155,199962
252156,175223
252157,43283
252158,161259
252159,163412
252160,213730
252161,13443
252162,176891
252164,35759
252166,152773
252167,208720
252169,224133
252170,59249
252171,163823
252173,57222
252174,44538
252175,44538
252176,213730
252177,36526
252178,117532
252179,136471
252180,38663
252181,221598
252182,13443
252183,194154
252184,26712
252186,44368
252187,136471
252188,19706
252189,224133
252190,221598
252191,171176
252192,213730
252193,18976
252194,153283
252195,19167
252196,120623
252197,161259
252198,120623
252199,80495
252200,331381
252201,265647
252202,192895
252203,44368
252204,163823
252205,47173
252206,222833
252208,213730
252209,170607
252210,224133
252211,222833
252212,12586
252213,176891
252214,44538
252215,224133
252216,112367
252217,12586
252218,175277
252219,26712
252220,126618
252221,224133
252222,43283
252223,221598
252224,176891
252225,200604
252226,43283
252227,68099
252228,14491
252229,153283
252231,41916
252232,222833
252233,28716
252234,37843
252235,120623
252236,149304
252237,200604
252238,33921
252239,170607
252241,343098
252242,13443
252243,27368
252244,282306
252245,13430
252246,120623
252247,224133
252248,35759
252249,221598
252250,163823
252251,32114
252252,13443
252253,80495
252254,13443
252255,120623
252256,8709
252257,47359
252258,44368
252259,35759
252261,44538
252262,221598
252263,50408
252264,173141
252265,279604
252267,14491
252269,44667
252271,42694
252272,296700
252273,170607
252274,170607
252275,157639
252276,41919
252277,175223
252278,174596
252279,200604
252280,152601
252281,192895
252282,35759
252283,224133
252284,18338
252285,163823
252286,44538
252287,71630
252288,13443
252289,218573
252290,170607
252291,120623
252292,126618
252293,170607
252294,184640
252296,112367
252297,171176
252298,127311
252299,79641
252300,200604
252301,44538
252302,153283
252303,13443
252304,33921
252305,218573
252306,13443
252307,265647
252308,44667
252309,218573
252310,208720
252311,213730
252312,282306
252313,309608
252314,50408
252315,42834
252316,44538
252317,163823
252318,178512
252320,161259
252321,44538
252322,80495
252323,13443
252324,224133
252325,152601
252326,175277
252327,59249
252328,44667
252329,161259
252330,36526
252331,136471
252332,13443
252334,80495
252335,149304
252336,43738
252337,13443
252338,213730
252339,221598
252340,44538
252341,161259
252342,13443
252343,28716
252344,25964
252345,127311
252346,127311
252347,44368
252348,157639
252349,296700
252350,127311
252351,194154
252352,157639
252353,279604
252354,44368
252355,175277
252356,152601
252357,43738
252359,41919
252360,200604
252361,127311
252362,127311
252363,136471
252364,42694
252365,44368
252366,175223
252367,343098
252368,43283
252369,13443
252370,194154
252371,121098
252372,157639
252373,41916
252374,184640
252375,16027
252376,33921
252377,42834
252378,200604
252379,44538
252380,200604
252381,43283
252382,41919
252383,44368
252384,152601
252385,13443
252386,199962
252387,200604
252388,279604
252389,29564
252390,221598
252391,47173
252392,120964
252393,296700
252394,13443
252395,156881
252396,213730
252397,38663
252398,41919
252399,44538
252400,117532
252402,279604
252403,161259
252404,41919
252405,41919
252406,44538
252407,47359
252408,47359
252409,47359
252410,175277
252411,44368
252412,44538
252413,43738
252414,161259
252415,14491
252416,164611
252417,184640
252418,38704
252419,120964
252420,46005
252421,33921
252422,10064
252423,43283
252424,279604
252425,47359
252426,44538
252427,112367
252428,192895
252429,213730
252430,136471
252431,43738
252432,296700
252433,199962
252434,41919
252435,35759
252436,18976
252437,161259
252438,41919
252439,13443
252440,117532
252441,175223
252442,192895
252443,19167
252444,200604
252445,279604
252446,35759
252447,43283
252448,14491
252449,35759
252450,26712
252451,35759
252452,173141
252453,120623
252454,18976
252455,23403
252456,170702
252457,10064
252458,221598
252460,178512
252461,331381
252462,120623
252463,68099
252464,43738
252465,13443
252466,43738
252467,14491
252468,14491
252469,43283
252470,331381
252471,27368
252472,13443
252473,176891
252474,175277
252475,41919
252476,19167
252477,279604
252478,164611
252479,127311
252480,175277
252481,27368
252482,199962
252483,175277
252484,47173
252485,221598
252486,22200
252487,171176
252488,112367
252489,68099
252490,120623
252491,213730
252492,22200
252493,27368
252494,26712
252495,117612
252496,175277
252497,175277
252498,14491
252499,35759
252500,57222
252501,171176
252502,22200
252503,112367
252504,18159
252505,175223
252506,35759
252507,80495
252508,19167
252509,175223
252510,164611
252511,129364
252512,50408
252513,224133
252514,35759
252515,34801
252516,157639
252517,14491
252518,16027
252519,117612
252520,42834
252521,343098
252522,18976
252523,13443
252524,27368
252525,47173
252526,164611
252527,68099
252528,112367
252529,175277
252530,173141
252531,36526
252532,43738
252533,19167
252534,129364
252535,14491
252537,208720
252538,192895
252539,20991
252540,153283
252541,153283
252542,23403
252543,208720
252544,282306
252546,157639
252548,221598
252549,157639
252550,68099
252551,161259
252552,194154
252553,120623
252554,164611
252555,296700
252556,296700
252557,26712
252558,173141
252559,175223
252560,221598
252561,112367
252562,112367
252563,41919
252564,26712
252565,16027
252566,221598
252567,80495
252568,33921
252569,34801
252570,43738
252571,296700
252572,153283
252573,174596
252574,296700
252575,153283
252576,178731
252577,57222
252578,129364
252580,156881
252581,282306
252582,47173
252583,149721
252584,120623
252585,36526
252586,8709
252587,178731
252588,10064
252590,184640
252591,331381
252592,38704
252593,44368
252594,112367
252595,68099
252596,153283
252597,161259
252598,129364
252599,331381
252600,221598
252602,80495
252603,156881
252604,57222
252605,156881
252606,18159
252607,112367
252608,41919
252609,178731
252611,161259
252612,112367
252613,18976
252614,175223
252615,112367
252616,57222
252617,221598
252618,42694
252619,10064
252620,42694
252621,282306
252622,19706
252623,47173
252624,80495
252625,120623
252626,57222
252627,57222
252628,153283
252629,13443
252630,18338
252631,164611
252632,186431
252633,186431
252634,153283
252635,153283
252636,41919
252637,161259
252638,213730
252639,18159
252640,164611
252641,44538
252642,16027
252643,210608
252644,213730
252645,33921
252646,175277
252647,14491
252648,171176
252649,33921
252650,43738
252651,213730
252652,153283
252653,28716
252654,38704
252655,112367
252656,43738
252657,41919
252658,112367
252659,153283
252660,47173
252661,153283
252663,164611
252664,156881
252665,59249
252666,331381
252667,171176
252668,57222
252669,129364
252670,171176
252671,221598
252672,13443
252673,18159
252674,152773
252675,18159
252676,42694
252677,44538
252678,161259
252679,19167
252680,282306
252681,57222
252682,10064
252683,164611
252684,164611
252685,14491
252686,59249
252687,112367
252689,50408
252690,36526
252691,25964
252692,343098
252693,208720
252694,50408
252695,221598
252696,47173
252697,44368
252698,218573
252699,42694
252700,47173
252701,210608
252702,47173
252704,19706
252705,50408
252706,164611
252707,33921
252708,120964
252709,57782
252710,112367
252711,194154
252712,164611
252713,117612
252714,44538
252715,19167
252716,163823
252717,44538
252718,127311
252720,18338
252721,68099
252722,173143
252723,14491
252724,36526
252725,47173
252726,120623
252727,112367
252728,26712
252729,44368
252730,18159
252731,50408
252733,50408
252734,44538
252735,133932
252736,208720
252738,224133
252740,22168
252741,218573
252742,19839
252743,26712
252744,19839
252745,64850
252746,186431
252747,19167
252748,221598
252749,120964
252750,175223
252751,25964
252752,170607
252753,173143
252754,43738
252755,296700
252756,199962
252757,161259
252758,19167
252759,29011
252760,27368
252761,161259
252762,149721
252763,26712
252764,331381
252765,23403
252766,117532
252767,36526
252768,120623
252769,112367
252770,29011
252771,133932
252772,71630
252773,192895
252774,194154
252775,47173
252776,41916
252777,147524
252778,194154
252779,173282
252780,147524
252781,147524
252782,44538
252783,13443
252784,68099
252786,44538
252787,19839
252788,129364
252789,34034
252790,64850
252791,117612
252792,204942
252793,112367
252794,149721
252795,296700
252796,129364
252797,153283
252798,44368
252799,16332
252800,123919
252801,127311
252802,296700
252803,127311
252804,157979
252806,199962
252807,212508
252809,120623
252811,19706
252812,163823
252813,163823
252814,170607
252816,156891
252817,20991
252818,14491
252819,112367
252820,8709
252821,13443
252822,117532
252823,204942
252824,13443
252825,44368
252826,120964
252827,156881
252828,50408
252830,163823
252831,42694
252832,13443
252833,343098
252834,28716
252835,207602
252836,136471
252837,127311
252838,210608
252839,120623
252840,199962
252841,16027
252842,157979
252843,13443
252844,16027
252845,157979
252846,156881
252847,156881
252848,156881
252849,157979
252850,16027
252851,36526
252852,120964
252853,218573
252854,153283
252855,68099
252856,25964
252857,161259
252858,13443
252859,153283
252860,129364
252861,331381
252862,127311
252863,44538
252864,14491
252865,50408
252866,14491
252867,13443
252868,19839
252869,156881
252870,44538
252871,218573
252872,176891
252873,120623
252874,163823
252875,25964
252876,279604
252877,212508
252878,57222
252879,171260
252880,171260
252881,173143
252882,44538
252884,279604
252885,44667
252886,174596
252887,26712
252888,16027
252889,175223
252890,112367
252891,44667
252892,157639
252893,25964
252894,43738
252895,176891
252896,57222
252898,34034
252899,176891
252900,157639
252901,44667
252902,57222
252903,19839
252904,50408
252905,50408
252906,20991
252907,213730
252908,218573
252909,176891
252911,50408
252912,120623
252913,34034
252914,296700
252915,210608
252916,50408
252917,34034
252918,68099
252919,175223
252920,26712
252921,34034
252922,34034
252923,64850
252924,218573
252925,210608
252926,120964
252927,224133
252928,36526
252931,43738
252932,149721
252933,282306
252934,279604
252936,68099
252937,41916
252938,19839
252939,120623
252941,161259
252942,18976
252943,19839
252944,23839
252945,184640
252946,34034
252947,23839
252948,19839
252949,194154
252950,34034
252951,117612
252952,163823
252953,26712
252954,13443
252955,343098
252956,279604
252957,23839
252958,170702
252959,171260
252960,282306
252961,44538
252962,68099
252963,46005
252964,282306
252965,24418
252966,80495
252967,19839
252968,80495
252969,80495
252970,279604
252971,34034
252972,34034
252973,309608
252974,29564
252975,265305
252976,44538
252977,29011
252979,133932
252980,43738
252981,173143
252982,204942
252983,38704
252985,19839
252986,26712
252987,16332
252988,194154
252989,27368
252990,13443
252991,152773
252992,34034
252993,127311
252994,152773
252995,28716
252996,152773
252997,218573
252998,163823
252999,282306
253000,19839
253001,200604
253002,112367
253003,175223
253004,44538
253005,14491
253006,133932
253007,163823
253008,42834
253010,224133
253011,35759
253012,107173
253013,136471
253014,19839
253015,331381
253016,153283
253017,224133
253018,194154
253019,136471
253020,175277
253021,19706
253022,282306
253023,112367
253024,161259
253025,164611
253026,44368
253027,152773
253028,44538
253029,117612
253030,173143
253031,175223
253032,171260
253033,152773
253034,44368
253035,34034
253036,175223
253037,68099
253038,47173
253040,296700
253041,42694
253042,152773
253043,161259
253044,296700
253045,186431
253046,163823
253047,107173
253048,44538
253049,117612
253050,43738
253051,18338
253052,173143
253053,42694
253054,44538
253055,127311
253056,13443
253057,170607
253058,194154
253059,41916
253060,129364
253061,44538
253062,296700
253063,16027
253064,19839
253065,161259
253066,34801
253067,296700
253068,176891
253069,57222
253070,129364
253071,44538
253072,296700
253073,152773
253074,282306
253075,127311
253076,153283
253077,210608
253078,175223
253080,210608
253081,170607
253082,296700
253083,68099
253084,152601
253085,44538
253086,44538
253087,14491
253088,210608
253089,16027
253090,265305
253091,282306
253092,279604
253093,41919
253094,41919
253095,184640
253096,218573
253097,265305
253098,161259
253099,120623
253100,129364
253101,218573
253102,171260
253103,117532
253104,152773
253105,57222
253106,44538
253107,222833
253108,16027
253109,38704
253110,18159
253111,296700
253112,57222
253113,14491
253114,153283
253115,194154
253116,44538
253117,41919
253118,178512
253119,112367
253120,170607
253122,296700
253123,221598
253124,178512
253125,44368
253126,13443
253127,19167
253129,178512
253130,13443
253131,16027
253132,28716
253133,14491
253135,173143
253136,50408
253137,296700
253138,29564
253139,161259
253140,178512
253141,22168
253142,13443
253143,19167
253144,204942
253145,282306
253146,26712
253147,41919
253149,170702
253151,16027
253152,136471
253153,44368
253154,57222
253155,57222
253156,41919
253157,120623
253158,19167
253159,127311
253160,57222
253161,186431
253162,117532
253163,57222
253164,120623
253165,112367
253166,57222
253167,35759
253168,163823
253169,13443
253170,59249
253171,343098
253172,208720
253173,59249
253174,120623
253175,23403
253176,59249
253177,38663
253178,59249
253179,19167
253180,149721
253181,117612
253182,13443
253183,163823
253184,14491
253185,165790
253186,59249
253187,68099
253188,133932
253189,171176
253190,14491
253191,265305
253192,10064
253193,331381
253194,126618
253195,112367
253196,331381
253197,38663
253198,44368
